Model,RMSE,NRMSE,MAE,MAPE (%),R2,Training Time (s)
SVM,0.0591510170545271,0.09848185921268973,0.04290451023028759,0.9504905545184579,0.9100024958723794,1.5928075313568115
Random Forest,0.057159107026221324,0.09516548338788994,0.04554759921336398,1.0127254911460695,0.9159617687144656,172.8446807861328
XGBoost,0.05698777500555949,0.09488022885165956,0.042900981319251734,0.946950674741193,0.9164648157831714,45.72240734100342
LightGBM,0.05660399990730052,0.09424127305549403,0.045134084461942704,0.9987473812056147,0.9175861361485607,17.73716688156128
LSTM,0.05800634872554012,0.09657607515632087,0.043016435695969975,0.950561733049912,0.9134519891088445,90.28683018684387
