Model,RMSE,NRMSE,MAE,MAPE (%),R2,Training Time (s)
SVM,0.059562693894633464,0.09916726924665596,0.04533498867711243,1.0000692651897523,0.9087454146210513,1.3189113140106201
Random Forest,0.057159107026221324,0.09516548338788994,0.04554759921336398,1.0127254911460695,0.9159617687144656,515.7325060367584
XGBoost,0.05698777500555949,0.09488022885165956,0.042900981319251734,0.946950674741193,0.9164648157831714,106.84072947502136
LightGBM,0.05660399990730052,0.09424127305549403,0.045134084461942704,0.9987473812056147,0.9175861361485607,121.57337999343872
LSTM,0.05797754248919789,0.09652811500528428,0.04317479700614884,0.9532366383249126,0.9135379280952846,295.7748935222626
