Model,RMSE,NRMSE,MAE,MAPE (%),R2,Training Time (s)
SVM,0.0591510170545271,0.09848185921268973,0.04290451023028759,0.9504905545184579,0.9100024958723794,1.7711572647094727
Random Forest,0.057159107026221324,0.09516548338788994,0.04554759921336398,1.0127254911460695,0.9159617687144656,542.7845602035522
XGBoost,0.05698777500555949,0.09488022885165956,0.042900981319251734,0.946950674741193,0.9164648157831714,212.6230823993683
LightGBM,0.05660399990730052,0.09424127305549403,0.045134084461942704,0.9987473812056147,0.9175861361485607,94.68126034736633
LSTM,0.057656759434383704,0.09599403607959302,0.04279645118922818,0.9445758553679869,0.9144920505887775,385.8893859386444
