Model,RMSE,NRMSE,MAE,MAPE (%),R2,Training Time (s)
ARDL,0.05977366382843908,0.09951851783634635,0.044245331680330326,0.9825271496080548,0.9080978257482463,30872.7
SVM,0.0591510170545271,0.09848185921268973,0.04290451023028759,0.9504905545184579,0.9100024958723794,1.6106622219085693
Random Forest,0.057159107026221324,0.09516548338788994,0.04554759921336398,1.0127254911460695,0.9159617687144656,195.01897144317627
XGBoost,0.05698777500555949,0.09488022885165956,0.042900981319251734,0.946950674741193,0.9164648157831714,50.416048526763916
LightGBM,0.05660399990730052,0.09424127305549403,0.045134084461942704,0.9987473812056147,0.9175861361485607,16.730514526367188
LSTM,0.057839364435707905,0.09629805925497419,0.043131491558624564,0.9518542338861241,0.9139495676174799,96.91725373268127
